{"cameraMode":{"drawMode":0,"name":"Shaded","section":"Shading Mode"},"sceneLighting":true,"audioPlay":false,"sceneViewState":{"m_AlwaysRefresh":false,"showFog":true,"showSkybox":true,"showFlares":true,"showImageEffects":true,"showParticleSystems":true,"showVisualEffectGraphs":true,"m_FxEnabled":true},"in2DMode":false,"pivot":{"x":0.9679999947547913,"y":0.8999999761581421,"z":1.1160000562667847},"rotation":{"x":0.018493536859750749,"y":0.31687891483306887,"z":-0.0061798556707799438,"w":0.9482671618461609},"size":1.144552230834961,"orthographic":false}